subject_id,study_id,dicom_id,split,ViewPosition,Atelectasis,Cardiomegaly,Consolidation,Edema,Enlarged Cardiomediastinum,Fracture,Lung Lesion,Lung Opacity,No Finding,Pleural Effusion,Pleural Other,Pneumonia,Pneumothorax,Support Devices
p1,s1,d1,train,PA,0.69618195,0.30380622,0.69617677,0.30380628,0.69621694,0.30382842,0.69619775,0.30382523,0.6961924,0.3037949,0.6961972,0.30381158,0.6961795,0.30381233
p2,s2,d2,train,AP,0.30589148,0.6940786,0.3058711,0.69407827,0.30597037,0.6941382,0.3059252,0.6941338,0.30591378,0.694059,0.30592203,0.69410014,0.30587915,0.694101
